run_id,timestamp,l0_files,stall_micros_total,stall_micros_delta,compaction_pending_bytes,is_write_stopped,actual_delayed_write_rate,num_running_compactions,write_throughput_mb_s,batch_latency_ms,bg_jobs
1774963415918,1.77496e+09,12,0,0,1946865993,0,16777216,2,575.652,6.83696,6
1774963415918,1.77496e+09,9,26191,26191,1946858969,0,0,1,114.001,34.5329,6
1774963415918,1.77496e+09,9,26191,0,1946858969,0,0,1,464.709,8.47556,6
1774963415918,1.77496e+09,10,26191,0,1976435769,0,0,1,501.287,7.86093,6
1774963415918,1.77496e+09,10,26191,0,1976435769,0,0,1,437.506,9.00693,6
1774963415918,1.77496e+09,10,26191,0,1976435769,0,0,1,14.4483,272.738,6
1774963415918,1.77496e+09,11,26191,0,2005777708,0,0,1,39.5839,99.55,6
1774963415918,1.77496e+09,11,26191,0,2005777708,0,0,1,600.605,6.56102,6
1774963415918,1.77496e+09,11,26191,0,2005777708,0,0,1,538.229,7.32139,6
1774963415918,1.77496e+09,13,336114,309923,2063755006,0,10737417,2,12.4373,316.836,6
1774963415918,1.77496e+09,10,735253,399139,2015721923,0,0,2,9.70546,406.017,6
1774963415918,1.77496e+09,10,735253,0,2015721923,0,0,1,586.056,6.7239,6
1774963415918,1.77496e+09,10,735253,0,2015721923,0,0,1,545.888,7.21867,6
1774963415918,1.77496e+09,11,735253,0,2044746983,0,0,1,584.245,6.74475,6
1774963415918,1.77496e+09,11,735253,0,2044746983,0,0,1,588.955,6.6908,6
1774963415918,1.77496e+09,12,1454826,719573,2073540969,0,5772433,1,5.42387,726.526,6
1774963415918,1.77496e+09,13,2331571,876745,2102110354,0,3694356,1,4.45902,883.733,6
1774963415918,1.77496e+09,13,3714194,1382623,2102110354,0,2955484,1,2.83438,1390.28,6
1774963415918,1.77496e+09,14,5445401,1731207,2130461370,0,1418632,1,2.26662,1738.53,6
1774963415918,1.77496e+09,4,5797168,351767,953433479,0,0,1,10.986,358.692,6
1774963415918,1.77496e+09,4,5797168,0,953433479,0,0,1,533.735,7.38303,6
1774963415918,1.77496e+09,5,5797168,0,953433479,0,0,1,451.029,8.73688,6
1774963415918,1.77496e+09,5,5797168,0,953433479,0,0,1,548.737,7.18119,6
1774963415918,1.77496e+09,5,5797168,0,953433479,0,0,1,538.251,7.32109,6
1774963415918,1.77496e+09,6,5797168,0,953433479,0,0,1,576.025,6.84099,6
1774963415918,1.77496e+09,6,5797168,0,953433479,0,0,1,580.418,6.79579,6
1774963415918,1.77496e+09,7,5797168,0,953433479,0,0,1,522.645,7.54699,6
1774963415918,1.77496e+09,7,5797168,0,953433479,0,0,1,598.256,6.59316,6
1774963415918,1.77496e+09,7,5797168,0,953433479,0,0,1,564.831,6.98332,6
1774963415918,1.77496e+09,8,5797168,0,1996522534,0,0,4,458.797,8.59726,6
1774963415918,1.77496e+09,8,5797168,0,1996522534,0,0,4,487.546,8.09031,6
1774963415918,1.77496e+09,9,5926957,129789,1783448257,0,0,3,9.27284,425.371,6
1774963415918,1.77496e+09,9,5926957,0,1783448257,0,0,3,550.333,7.1673,6
1774963415918,1.77496e+09,10,7208127,1281170,1290187460,0,0,1,3.05967,1289.16,6
1774963415918,1.77496e+09,10,7208127,0,977692122,0,0,1,592.929,6.6524,6
1774963415918,1.77496e+09,10,7208127,0,977692122,0,0,1,552.351,7.14111,6
1774963415918,1.77496e+09,11,7208127,0,1018787067,0,0,1,591.586,6.6675,6
1774963415918,1.77496e+09,11,7208127,0,1018787067,0,0,1,585.265,6.7395,6
1774963415918,1.77496e+09,13,8986614,1778487,1118768792,0,1494805,1,2.20934,1785.33,6
1774963415918,1.77496e+09,3,10974240,1987626,268844226,0,0,1,1.97778,1994.35,6
1774963415918,1.77496e+09,3,10974240,0,268844226,0,0,1,524.803,7.51596,6
1774963415918,1.77496e+09,3,10974240,0,268844226,0,0,1,499.907,7.89027,6
1774963415918,1.77496e+09,4,10974240,0,268844226,0,0,1,582.001,6.7773,6
1774963415918,1.77496e+09,4,10974240,0,268844226,0,0,1,556.374,7.08946,6
1774963415918,1.77496e+09,5,10974240,0,268844226,0,0,1,549.57,7.17724,6
1774963415918,1.77496e+09,5,10974240,0,268844226,0,0,1,464.923,8.48397,6
1774963415918,1.77496e+09,6,10974240,0,268844226,0,0,1,493.072,7.99963,6
1774963415918,1.77496e+09,6,10974240,0,268844226,0,0,1,502.723,7.84606,6
1774963415918,1.77496e+09,7,10974240,0,268844226,0,0,1,436.718,9.0319,6
1774963415918,1.77496e+09,7,10974240,0,268844226,0,0,1,483.763,8.15357,6
1774963415918,1.77496e+09,7,10974240,0,268844226,0,0,1,397.454,9.92416,6
1774963415918,1.77496e+09,8,11087533,113293,884751337,0,0,1,31.9671,123.389,6
1774963415918,1.77496e+09,8,11087533,0,884751337,0,0,1,586.773,6.72219,6
1774963415918,1.77496e+09,9,11123539,36006,948391637,0,0,1,88.4083,44.6157,6
1774963415918,1.77496e+09,9,11123539,0,948391637,0,0,1,559.091,7.05502,6
1774963415918,1.77496e+09,9,11123539,0,948391637,0,0,1,12.5909,313.273,6
1774963415918,1.77496e+09,10,11211721,88182,989953821,0,0,1,40.6884,96.9415,6
1774963415918,1.77496e+09,10,11211721,0,989953821,0,0,1,596.112,6.61688,6
1774963415918,1.77496e+09,11,11246108,34387,1051065360,0,0,1,91.952,42.8963,6
1774963415918,1.77496e+09,11,11246108,0,1051065360,0,0,1,531.32,7.42377,6
1774963415918,1.77496e+09,11,11246108,0,1051065360,0,0,1,518.231,7.61127,6
1774963415918,1.77496e+09,8,11762820,516712,1121615901,0,0,2,7.51006,525.215,6
1774963415918,1.77496e+09,8,11762820,0,1121615901,0,0,2,459.95,8.57572,6
1774963415918,1.77496e+09,8,11762820,0,1121615901,0,0,2,411.031,9.59635,6
1774963415918,1.77496e+09,9,11762820,0,1160529628,0,0,2,473.076,8.33776,6
1774963415918,1.77496e+09,9,11762820,0,1160529628,0,0,2,465.228,8.47841,6
1774963415918,1.77496e+09,10,11762820,0,1198885279,0,0,2,466.548,8.45442,6
1774963415918,1.77496e+09,10,11762820,0,1198885279,0,0,2,577.815,6.8264,6
1774963415918,1.77496e+09,10,11762820,0,1198885279,0,0,2,551.936,7.14648,6
1774963415918,1.77496e+09,10,11762820,0,1198885279,0,0,2,573.207,6.88128,6
1774963415918,1.77496e+09,11,12484205,721385,1236703686,0,0,2,4.64038,850.017,6
1774963415918,1.77496e+09,4,12484205,0,0,0,0,0,591.31,6.6706,6
1774963415918,1.77496e+09,5,12531476,47271,0,0,0,0,73.0549,53.9922,6
1774963415918,1.77496e+09,5,12531476,0,0,0,0,0,608.019,6.48729,6
1774963415918,1.77496e+09,5,12531476,0,0,0,0,0,603.697,6.53374,6
1774963415918,1.77496e+09,6,12531476,0,0,0,0,0,599.341,6.58122,6
1774963415918,1.77496e+09,6,12531476,0,0,0,0,0,584.239,6.75134,6
1774963415918,1.77496e+09,7,12534732,3256,0,0,0,0,398.559,9.89664,6
1774963415918,1.77496e+09,7,12534732,0,0,0,0,0,598.228,6.59347,6
1774963415918,1.77496e+09,8,12573632,38900,1119706760,0,0,1,86.4174,45.6435,6
1774963415918,1.77496e+09,8,12573632,0,1119706760,0,0,1,606.698,6.50142,6
1774963415918,1.77496e+09,8,12573632,0,1119706760,0,0,1,603.801,6.53261,6
1774963415918,1.77496e+09,9,12573632,0,1158648207,0,0,1,597.962,6.5964,6
1774963415918,1.77496e+09,9,12573632,0,1158648207,0,0,1,549.471,7.17853,6
1774963415918,1.77496e+09,10,12575804,2172,1197030534,0,0,1,441.244,8.93925,6
1774963415918,1.77496e+09,10,12575804,0,1197030534,0,0,1,586.401,6.72645,6
1774963415918,1.77496e+09,11,12613460,37656,1253599532,0,0,1,88.8346,44.4016,6
1774963415918,1.77496e+09,11,12613460,0,1253599532,0,0,1,595.434,6.62441,6
1774963415918,1.77496e+09,11,12613460,0,1253599532,0,0,1,594.619,6.63349,6
1774963415918,1.77496e+09,11,12861972,248512,1253599532,0,16777216,1,15.4247,255.719,6
1774963415918,1.77496e+09,12,13155921,293949,1290673223,0,16777216,1,13.1131,300.798,6
1774963415918,1.77496e+09,13,13466301,310380,1363364044,0,10737417,1,12.4366,317.161,6
1774963415918,1.77496e+09,14,13926692,460391,1399018464,0,5153959,1,8.43976,467.359,6
1774963415918,1.77496e+09,6,14561846,635154,375316311,0,0,1,6.14493,641.894,6
1774963415918,1.77496e+09,6,14561846,0,375316311,0,0,1,607.091,6.4972,6
1774963415918,1.77496e+09,6,14561846,0,375316311,0,0,1,541.026,7.29059,6
1774963415918,1.77496e+09,7,14561846,0,375316311,0,0,1,602.05,6.55161,6
1774963415918,1.77496e+09,7,14561846,0,375316311,0,0,1,592.881,6.65294,6
1774963415918,1.77496e+09,8,14561846,0,1362358372,0,0,3,545.757,7.22738,6
1774963415918,1.77496e+09,8,14561846,0,1362358372,0,0,3,586.916,6.72055,6
1774963415918,1.77496e+09,8,14561846,0,1362358372,0,0,3,555.791,7.09691,6
1774963415918,1.77496e+09,9,14561846,0,1398025349,0,0,3,465.246,8.4781,6
1774963415918,1.77496e+09,9,14561846,0,1398025349,0,0,3,455.94,8.65113,6
1774963415918,1.77496e+09,9,15521626,959780,1398025349,0,4329325,3,4.07878,967.053,6
1774963415918,1.77496e+09,9,15565223,43597,901774401,0,0,2,76.7203,51.4127,6
1774963415918,1.77496e+09,6,15909070,343847,0,0,0,1,11.2406,350.907,6
1774963415918,1.77496e+09,6,15909070,0,0,0,0,0,588.443,6.70311,6
1774963415918,1.77496e+09,6,15909070,0,0,0,0,0,520.792,7.57385,6
1774963415918,1.77496e+09,7,15909070,0,0,0,0,0,605.211,6.5174,6
1774963415918,1.77496e+09,7,15909070,0,0,0,0,0,579.801,6.80302,6
1774963415918,1.77496e+09,8,15909070,0,1067010715,0,0,1,586.751,6.72243,6
1774963415918,1.77496e+09,8,15909070,0,1067010715,0,0,1,581.425,6.78401,6
1774963415918,1.77496e+09,8,15909070,0,1067010715,0,0,1,575.384,6.85524,6
1774963415918,1.77496e+09,9,15909070,0,1106730046,0,0,1,591.785,6.66526,6
1774963415918,1.77496e+09,9,15909070,0,1106730046,0,0,1,589.762,6.68812,6
1774963415918,1.77496e+09,10,15910160,1090,1145860770,0,0,2,409.099,9.64166,6
1774963415918,1.77496e+09,10,15910160,0,1145860770,0,0,2,459.573,8.58275,6
1774963415918,1.77496e+09,10,16400225,490065,1145860770,0,8485477,2,6.73864,585.34,6
1774963415918,1.77496e+09,7,16409825,9600,0,0,0,0,234.632,16.811,6
1774963415918,1.77496e+09,7,16409825,0,0,0,0,0,597.53,6.60117,6
1774963415918,1.77496e+09,8,16444639,34814,1259924198,0,0,1,93.3993,42.2316,6
1774963415918,1.77496e+09,8,16444639,0,1259924198,0,0,1,593.418,6.64691,6
1774963415918,1.77496e+09,8,16444639,0,1259924198,0,0,1,585.445,6.73743,6
1774963415918,1.77496e+09,9,16444639,0,1296913429,0,0,1,577.06,6.83533,6
1774963415918,1.77496e+09,9,16444639,0,1296913429,0,0,1,605.078,6.51883,6
1774963415918,1.77496e+09,10,16445726,1087,1333415317,0,0,1,479,8.23465,6
1774963415918,1.77496e+09,10,16445726,0,1333415317,0,0,1,604.925,6.52047,6
1774963415918,1.77496e+09,10,16696218,250492,1333415317,0,16631533,1,13.1,301.099,6
1774963415918,1.77496e+09,11,16835318,139100,1387290760,0,0,1,26.724,147.598,6
1774963415918,1.77496e+09,11,16835318,0,1387290760,0,0,1,466.968,8.44683,6
1774963415918,1.77496e+09,13,17085655,250337,1474882746,0,10644180,1,15.2963,257.866,6
1774963415918,1.77496e+09,13,17551069,465414,1474882746,0,8515344,1,8.35223,472.256,6
1774963415918,1.77496e+09,14,18140403,589334,1509193397,0,4087365,1,6.61584,596.205,6
1774963415918,1.77496e+09,6,18151370,10967,580923299,0,0,1,223.721,17.6308,6
1774963415918,1.77496e+09,6,18151370,0,580923299,0,0,1,605.81,6.51094,6
1774963415918,1.77496e+09,6,18151370,0,580923299,0,0,1,592.24,6.66014,6
1774963415918,1.77496e+09,7,18151370,0,580923299,0,0,1,598.801,6.58716,6
1774963415918,1.77496e+09,7,18151370,0,580923299,0,0,1,600.596,6.56747,6
1774963415918,1.77496e+09,8,18151370,0,1576633789,0,0,4,500.701,7.87775,6
1774963415918,1.77496e+09,8,18151370,0,1576633789,0,0,4,469.894,8.39424,6
1774963415918,1.77496e+09,9,18151370,0,1609800590,0,0,4,400.778,9.84185,6
1774963415918,1.77496e+09,9,18151370,0,1609800590,0,0,4,460.016,8.57448,6
1774963415918,1.77496e+09,9,18151370,0,1609800590,0,0,4,454.931,8.67033,6
1774963415918,1.77496e+09,10,18864295,712925,1642610848,0,0,4,4.21305,936.234,6
1774963415918,1.77496e+09,10,18864295,0,1642610848,0,0,4,593.505,6.64594,6
1774963415918,1.77496e+09,11,19636127,771832,786510217,0,0,1,5.06425,778.87,6
1774963415918,1.77496e+09,11,19636127,0,786510217,0,0,1,592.251,6.66001,6
1774963415918,1.77496e+09,11,19636127,0,786510217,0,0,1,594.078,6.63953,6
1774963415918,1.77496e+09,5,20134905,498778,72838974,0,0,1,7.80139,505.602,6
1774963415918,1.77496e+09,5,20134905,0,72838974,0,0,1,586.238,6.72832,6
1774963415918,1.77496e+09,5,20134905,0,72838974,0,0,1,591.14,6.67253,6
1774963415918,1.77496e+09,6,20134905,0,72838974,0,0,1,570.518,6.91371,6
1774963415918,1.77496e+09,6,20134905,0,72838974,0,0,1,592.699,6.65498,6
1774963415918,1.77496e+09,7,20134905,0,72838974,0,0,1,591.271,6.67105,6
1774963415918,1.77496e+09,7,20134905,0,72838974,0,0,1,569.048,6.93157,6
1774963415918,1.77496e+09,7,20134905,0,72838974,0,0,1,545.955,7.22476,6
1774963415918,1.77496e+09,8,20134905,0,1000541091,0,0,1,514.203,7.67089,6
1774963415918,1.77496e+09,8,20134905,0,1000541091,0,0,1,500.251,7.88483,6
1774963415918,1.77496e+09,9,20134905,0,1041277200,0,0,2,454.416,8.68015,6
1774963415918,1.77496e+09,9,20134905,0,1041277200,0,0,2,515.283,7.65481,6
1774963415918,1.77496e+09,10,20139289,4384,1081385420,0,0,3,273.954,14.398,6
1774963415918,1.77496e+09,10,20139289,0,1081385420,0,0,3,279.994,14.0874,6
1774963415918,1.77496e+09,10,20533159,393870,1081385420,0,10551753,3,9.8266,401.4,6
1774963415918,1.77496e+09,4,21265551,732392,0,0,0,0,5.33402,739.48,6
1774963415918,1.77496e+09,4,21265551,0,0,0,0,0,595.686,6.62161,6
1774963415918,1.77496e+09,5,21304168,38617,0,0,0,0,86.1951,45.7612,6
1774963415918,1.77496e+09,5,21304168,0,0,0,0,0,590.708,6.6774,6
1774963415918,1.77496e+09,5,21304168,0,0,0,0,0,576.956,6.83657,6
1774963415918,1.77496e+09,6,21304168,0,0,0,0,0,572.492,6.88987,6
1774963415918,1.77496e+09,6,21304168,0,0,0,0,0,591.92,6.66374,6
1774963415918,1.77496e+09,7,21307432,3264,0,0,0,0,384.294,10.264,6
1774963415918,1.77496e+09,7,21307432,0,0,0,0,0,565.478,6.97534,6
1774963415918,1.77496e+09,8,21344603,37171,1019078822,0,0,1,89.0198,44.3092,6
1774963415918,1.77496e+09,8,21344603,0,1019078822,0,0,1,569.137,6.93049,6
1774963415918,1.77496e+09,8,21344603,0,1019078822,0,0,1,571.422,6.90278,6
1774963415918,1.77496e+09,9,21344603,0,1059527322,0,0,1,592.93,6.65238,6
1774963415918,1.77496e+09,9,21344603,0,1059527322,0,0,1,592.606,6.65601,6
1774963415918,1.77496e+09,10,21346793,2190,1099359124,0,0,2,425.616,9.2675,6
1774963415918,1.77496e+09,10,21346793,0,1099359124,0,0,2,592.446,6.65782,6
1774963415918,1.77496e+09,10,21594300,247507,1099359124,0,16777216,2,15.5068,254.366,6
1774963415918,1.77496e+09,6,22047955,453655,0,0,0,0,8.56262,460.653,6
1774963415918,1.77496e+09,6,22047955,0,0,0,0,0,597.506,6.60144,6
1774963415918,1.77496e+09,7,22084511,36556,0,0,0,0,91.2754,43.2142,6
1774963415918,1.77496e+09,7,22084511,0,0,0,0,0,614.231,6.42168,6
1774963415918,1.77496e+09,7,22084511,0,0,0,0,0,598.033,6.59562,6
1774963415918,1.77496e+09,8,22084511,0,1252959090,0,0,1,580.585,6.79384,6
1774963415918,1.77496e+09,8,22084511,0,1252959090,0,0,1,593.009,6.65149,6
1774963415918,1.77496e+09,9,22085610,1099,1290041352,0,0,1,502.133,7.85529,6
1774963415918,1.77496e+09,9,22085610,0,1290041352,0,0,1,598.76,6.58761,6
1774963415918,1.77496e+09,9,22334014,248404,1290041352,0,16777216,1,11.3662,347.03,6
1774963415918,1.77496e+09,10,22427524,93510,1344748729,0,0,1,39.2803,100.417,6
1774963415918,1.77496e+09,10,22427524,0,1344748729,0,0,1,608.809,6.47888,6
1774963415918,1.77496e+09,11,22465619,38095,1398410508,0,0,1,86.7869,45.4492,6
1774963415918,1.77496e+09,11,22465619,0,1398410508,0,0,1,590.409,6.68079,6
1774963415918,1.77496e+09,11,22465619,0,1398410508,0,0,1,13.0286,302.749,6
1774963415918,1.77496e+09,13,22714158,248539,1485670599,0,10737417,1,15.4442,255.397,6
1774963415918,1.77496e+09,13,23175530,461372,1485670599,0,8589933,1,8.42009,468.451,6
1774963415918,1.77496e+09,6,23527697,352167,575527405,0,0,1,10.9666,359.674,6
1774963415918,1.77496e+09,6,23527697,0,575527405,0,0,1,599.981,6.57421,6
1774963415918,1.77496e+09,6,23527697,0,575527405,0,0,1,608.731,6.47971,6
1774963415918,1.77496e+09,7,23527697,0,575527405,0,0,1,586.127,6.72959,6
1774963415918,1.77496e+09,7,23527697,0,575527405,0,0,1,596.196,6.61594,6
1774963415918,1.77496e+09,8,23527697,0,1587062710,0,0,4,423.059,9.32351,6
1774963415918,1.77496e+09,8,23527697,0,1587062710,0,0,4,462.324,8.53168,6
1774963415918,1.77496e+09,9,23527697,0,1620116551,0,0,5,442.095,8.92205,6
1774963415918,1.77496e+09,9,23527697,0,1620116551,0,0,4,464.206,8.49709,6
1774963415918,1.77496e+09,9,23527697,0,1620116551,0,0,4,466.437,8.45644,6
1774963415918,1.77496e+09,10,23527697,0,1652817507,0,0,5,455.993,8.65013,6
1774963415918,1.77496e+09,10,23527697,0,1652817507,0,0,5,540.356,7.29963,6
1774963415918,1.77496e+09,10,23527697,0,1652817507,0,0,5,576.749,6.83902,6
1774963415918,1.77496e+09,10,24247224,719527,1652817507,0,5772433,5,4.53817,869.159,6
1774963415918,1.77496e+09,7,25212898,965674,0,0,0,1,4.05055,973.794,6
1774963415918,1.77496e+09,8,25381320,168422,912401978,0,0,1,22.4909,175.378,6
1774963415918,1.77496e+09,7,25381320,0,0,0,0,1,581.312,6.78534,6
1774963415918,1.77496e+09,7,25381320,0,0,0,0,0,594.015,6.64024,6
1774963415918,1.77496e+09,7,25381320,0,0,0,0,0,591.363,6.67001,6
1774963415918,1.77496e+09,8,25381320,0,954545928,0,0,1,454.994,8.66912,6
1774963415918,1.77496e+09,8,25381320,0,954545928,0,0,1,525.074,7.51207,6
1774963415918,1.77496e+09,9,25381320,0,996009315,0,0,1,454.528,8.67802,6
1774963415918,1.77496e+09,9,25381320,0,996009315,0,0,1,597.717,6.5991,6
1774963415918,1.77496e+09,9,25582757,201437,1056977103,0,0,1,18.7856,209.969,6
1774963415918,1.77496e+09,9,25582757,0,1056977103,0,0,1,597.418,6.6024,6
1774963415918,1.77496e+09,10,25582757,0,1096847355,0,0,2,546.929,7.2119,6
1774963415918,1.77496e+09,10,25582757,0,1096847355,0,0,2,579.919,6.80164,6
1774963415918,1.77496e+09,10,25582757,0,1096847355,0,0,2,588.089,6.70714,6
1774963415918,1.77496e+09,10,25589227,6470,1136120473,0,0,1,16.0184,246.242,6
1774963415918,1.77496e+09,10,25589227,0,1136120473,0,0,1,596.037,6.6177,6
1774963415918,1.77496e+09,11,25837257,248030,1193967504,0,0,1,14.4245,273.45,6
1774963415918,1.77496e+09,8,25837257,0,1193957999,0,0,1,591.096,6.67303,6
1774963415918,1.77496e+09,8,25837257,0,1193957999,0,0,1,604.86,6.52118,6
1774963415918,1.77496e+09,9,25837257,0,1231844715,0,0,1,567.554,6.94982,6
1774963415918,1.77496e+09,9,25837257,0,1231844715,0,0,1,584.93,6.74337,6
1774963415918,1.77496e+09,10,26085751,248494,1269211487,0,0,2,13.0164,303.033,6
1774963415918,1.77496e+09,9,26085751,0,1269208712,0,0,1,573.092,6.88266,6
1774963415918,1.77496e+09,10,26126974,41223,1324323774,0,0,1,78.4309,50.2914,6
1774963415918,1.77496e+09,10,26126974,0,1324323774,0,0,1,581.076,6.7881,6
1774963415918,1.77496e+09,10,26126974,0,1324323774,0,0,1,16.2982,242.015,6
1774963415918,1.77496e+09,8,26126974,0,1360462807,0,0,1,565.955,6.96945,6
1774963415918,1.77496e+09,8,26126974,0,1360462807,0,0,1,604.065,6.52976,6
1774963415918,1.77496e+09,9,26126974,0,1396153482,0,0,1,582.473,6.77181,6
1774963415918,1.77496e+09,9,26126974,0,1396153482,0,0,1,601.574,6.5568,6
1774963415918,1.77496e+09,9,26374949,247975,1396153482,0,16777216,1,11.6899,337.418,6
1774963415918,1.77496e+09,9,26380319,5370,1448862730,0,0,2,55.4154,71.1787,6
1774963415918,1.77496e+09,9,26380319,0,1448862730,0,0,2,567.843,6.94629,6
1774963415918,1.77496e+09,10,26413054,32735,1500632121,0,0,2,95.2096,41.4286,6
1774963415918,1.77496e+09,10,26413054,0,1500632121,0,0,2,469.44,8.40235,6
1774963415918,1.77496e+09,10,26413054,0,1500632121,0,0,2,430.156,9.16969,6
1774963415918,1.77496e+09,10,26660693,247639,1500632121,0,16777216,2,10.4978,375.735,6
1774963415918,1.77496e+09,8,26927844,267151,1248836934,0,0,1,14.3796,274.306,6
1774963415918,1.77496e+09,9,27012710,84866,1322616262,0,0,1,42.6411,92.5023,6
1774963415918,1.77496e+09,9,27012710,0,1322616262,0,0,1,575.201,6.86406,6
1774963415918,1.77496e+09,9,27012710,0,1322616262,0,0,1,580.878,6.79698,6
1774963415918,1.77496e+09,9,27012710,0,1322616262,0,0,1,590.913,6.68155,6
1774963415918,1.77496e+09,9,27260921,248211,1322616262,0,16777216,1,15.4498,255.551,6
1774963415918,1.77496e+09,10,27374900,113979,1358786119,0,0,2,32.6541,120.91,6
1774963415918,1.77496e+09,11,27456893,81993,1429797836,0,0,2,44.2956,89.1333,6
1774963415918,1.77496e+09,11,27456893,0,1429797836,0,0,2,561.836,7.02734,6
1774963415918,1.77496e+09,11,27456893,0,1429797836,0,0,2,564.511,6.99404,6
1774963415918,1.77496e+09,11,27456893,0,1429797836,0,0,2,579.932,6.80807,6
1774963415918,1.77496e+09,11,27705515,248622,1429797836,0,16777216,2,13.7323,287.512,6
1774963415918,1.77496e+09,8,28079142,373627,1320471719,0,0,2,10.3722,380.655,6
1774963415918,1.77496e+09,9,28159571,80429,1392438205,0,0,1,45.2734,87.2081,6
1774963415918,1.77496e+09,9,28159571,0,1392438205,0,0,1,585.825,6.73957,6
1774963415918,1.77496e+09,9,28159571,0,1392438205,0,0,1,583.32,6.76851,6
1774963415918,1.77496e+09,9,28159571,0,1392438205,0,0,1,597.64,6.60634,6
1774963415918,1.77496e+09,9,28407725,248154,1392438205,0,16777216,1,15.4626,255.339,6
1774963415918,1.77496e+09,10,28514853,107128,1427749681,0,0,1,34.6426,113.97,6
1774963415918,1.77496e+09,9,28759559,244706,1497098066,0,0,1,15.6082,252.958,6
1774963415918,1.77496e+09,9,28759559,0,1497098066,0,0,1,464.227,8.50491,6
1774963415918,1.77496e+09,10,28759559,0,1531168575,0,0,1,460.003,8.58302,6
1774963415918,1.77496e+09,10,28759559,0,1531168575,0,0,1,543.484,7.26464,6
1774963415918,1.77496e+09,10,28759559,0,1531168575,0,0,1,589.687,6.69544,6
1774963415918,1.77496e+09,11,28759559,0,1564853011,0,0,1,583.5,6.76643,6
1774963415918,1.77496e+09,11,28759559,0,1564853011,0,0,1,603.473,6.54248,6
1774963415918,1.77496e+09,11,28759559,0,1564853011,0,0,1,12.7498,309.667,6
1774963415918,1.77496e+09,12,29008223,248664,1598164158,0,13421772,1,11.2892,349.733,6
1774963415918,1.77496e+09,10,29011707,3484,1647452278,0,0,2,326.385,12.0968,6
1774963415918,1.77496e+09,10,29011707,0,1647452278,0,0,2,462.843,8.53034,6
1774963415918,1.77496e+09,11,29011707,0,1679882603,0,0,2,428.525,9.21349,6
1774963415918,1.77496e+09,11,29011707,0,1679882603,0,0,2,454.884,8.6796,6
1774963415918,1.77496e+09,11,29011707,0,1679882603,0,0,2,16.3273,241.816,6
1774963415918,1.77496e+09,9,29011707,0,1711972227,0,0,2,585.425,6.74418,6
1774963415918,1.77496e+09,9,29011707,0,1711972227,0,0,2,593.081,6.65712,6
1774963415918,1.77496e+09,10,29011707,0,1743747636,0,0,2,579.374,6.81461,6
1774963415918,1.77496e+09,10,29011707,0,1743747636,0,0,2,588.517,6.70875,6
1774963415918,1.77496e+09,10,29011707,0,1743747636,0,0,2,12.5534,314.514,6
1774963415918,1.77496e+09,11,29016050,4343,1512662612,0,0,1,37.3499,105.709,6
1774963415918,1.77496e+09,11,29016050,0,1512662612,0,0,1,605.262,6.52314,6
1774963415918,1.77496e+09,11,29264664,248614,1512662612,0,16777216,1,13.0432,302.704,6
1774963415918,1.77496e+09,12,29401389,136725,1563357460,0,16777216,1,27.5024,143.559,6
1774963415918,1.77496e+09,10,29632359,230970,1613207563,0,0,1,16.6044,237.781,6
1774963415918,1.77496e+09,10,29632359,0,1613207563,0,0,1,584.557,6.7542,6
1774963415918,1.77496e+09,10,29632359,0,1613207563,0,0,1,516.5,7.64417,6
1774963415918,1.77496e+09,11,29632359,0,1645997188,0,0,1,589.881,6.69323,6
1774963415918,1.77496e+09,11,29632359,0,1645997188,0,0,1,573.658,6.88252,6
1774963415918,1.77496e+09,12,29632359,0,1678442610,0,15032383,1,15.0536,262.277,6
1774963415918,1.77496e+09,9,29632359,0,1678434575,0,0,1,585.866,6.7391,6
1774963415918,1.77496e+09,9,29632359,0,1678434575,0,0,1,563.501,7.00657,6
1774963415918,1.77496e+09,10,29632359,0,1710546858,0,0,1,581.091,6.79448,6
1774963415918,1.77496e+09,10,29632359,0,1710546858,0,0,1,587.8,6.71693,6
1774963415918,1.77496e+09,11,29638937,6578,1742336434,0,0,1,296.233,13.3281,6
1774963415918,1.77496e+09,11,29638937,0,1742336434,0,0,1,593.355,6.65405,6
1774963415918,1.77496e+09,11,29887254,248317,1742336434,0,16777216,1,12.8747,306.664,6
1774963415918,1.77496e+09,12,30009732,122478,1789436360,0,16777216,1,30.1049,131.149,6
1774963415918,1.77496e+09,10,30215816,206084,1835861767,0,0,2,18.5356,213.007,6
1774963415918,1.77496e+09,10,30215816,0,1835861767,0,0,2,447.505,8.82273,6
1774963415918,1.77496e+09,10,30215816,0,1835861767,0,0,2,504.198,7.83068,6
1774963415918,1.77496e+09,11,30215816,0,1866457318,0,0,2,458.278,8.61533,6
1774963415918,1.77496e+09,11,30215816,0,1866457318,0,0,2,590.408,6.68726,6
1774963415918,1.77496e+09,11,30215816,0,1866457318,0,0,2,561.613,7.03013,6
1774963415918,1.77496e+09,11,30492679,276863,1866457318,0,15032383,2,10.6529,370.624,6
1774963415918,1.77496e+09,9,30767214,274535,1644533232,0,0,1,13.9594,282.834,6
1774963415918,1.77496e+09,10,30843130,75916,1709118135,0,0,1,47.4284,83.2457,6
1774963415918,1.77496e+09,10,30843130,0,1709118135,0,0,1,558.729,7.06641,6
1774963415918,1.77496e+09,10,30843130,0,1709118135,0,0,1,585.264,6.74603,6
1774963415918,1.77496e+09,10,30843130,0,1709118135,0,0,1,570.111,6.92534,6
1774963415918,1.77496e+09,11,30843130,0,1740921915,0,0,1,533.586,7.39939,6
1774963415918,1.77496e+09,11,30843130,0,1740921915,0,0,1,563.206,7.01025,6
1774963415918,1.77496e+09,12,31153764,310634,1772412630,0,13421772,2,10.6905,369.32,6
1774963415918,1.77496e+09,10,31426861,273097,1803592234,0,0,1,14.1022,279.971,6
1774963415918,1.77496e+09,10,31426861,0,1803592234,0,0,1,595.798,6.62676,6
1774963415918,1.77496e+09,10,31426861,0,1803592234,0,0,1,597.268,6.61045,6
1774963415918,1.77496e+09,9,31433337,6476,1834484650,0,0,2,46.5809,84.7603,6
1774963415918,1.77496e+09,9,31433337,0,1834484650,0,0,1,460.054,8.58206,6
1774963415918,1.77496e+09,10,31463802,30465,1880291316,0,0,1,101.11,39.0486,6
1774963415918,1.77496e+09,10,31463802,0,1880291316,0,0,1,462.102,8.54403,6
1774963415918,1.77496e+09,11,31463802,0,1910487600,0,0,1,431.346,9.15324,6
1774963415918,1.77496e+09,11,31463802,0,1910487600,0,0,1,460.274,8.57796,6
1774963415918,1.77496e+09,11,31463802,0,1910487600,0,0,1,589.003,6.70321,6
1774963415918,1.77496e+09,13,31711541,247739,1984837063,0,10737417,2,15.4908,254.875,6
1774963415918,1.77496e+09,10,32174123,462582,1984829739,0,0,2,7.64646,516.345,6
1774963415918,1.77496e+09,10,32174123,0,1984829739,0,0,1,586.495,6.73187,6
1774963415918,1.77496e+09,7,32174123,0,416018692,0,0,1,65.5939,60.1917,6
1774963415918,1.77496e+09,8,32174123,0,2014130629,0,0,3,460.661,8.57075,6
1774963415918,1.77496e+09,8,32174123,0,2014130629,0,0,3,458.315,8.61462,6
1774963415918,1.77496e+09,9,32174123,0,2043196101,0,0,3,460.409,8.57544,6
1774963415918,1.77496e+09,9,32174123,0,2043196101,0,0,3,464.148,8.50636,6
1774963415918,1.77496e+09,10,32174123,0,2072029711,0,0,3,458.233,8.61616,6
1774963415918,1.77496e+09,10,32174123,0,2072029711,0,0,3,462.182,8.54256,6
1774963415918,1.77496e+09,11,32174123,0,2100637956,0,0,3,9.47928,416.51,6
1774963415918,1.77496e+09,11,32174123,0,2100637956,0,0,3,506.461,7.79568,6
1774963415918,1.77496e+09,11,32174123,0,2100637956,0,0,3,593.786,6.64921,6
1774963415918,1.77496e+09,11,32520200,346077,2100637956,0,12025906,3,9.6725,408.189,6
1774963415918,1.77496e+09,12,33189359,669159,1894076501,0,15032382,3,5.83314,676.859,6
1774963415918,1.77496e+09,10,33437867,248508,1641618535,0,16777216,2,13.1826,299.501,6
1774963415918,1.77496e+09,8,33437867,0,1706255148,0,0,2,574.739,6.86957,6
1774963415918,1.77496e+09,8,33437867,0,1706255148,0,0,2,581.732,6.78699,6
1774963415918,1.77496e+09,9,33437867,0,1738087448,0,0,2,566.203,6.97313,6
1774963415918,1.77496e+09,9,33437867,0,1738087448,0,0,2,557.004,7.08831,6
1774963415918,1.77496e+09,9,33437867,0,1738087448,0,0,2,12.8825,306.478,6
1774963415918,1.77496e+09,10,33441103,3236,1506559392,0,0,1,37.3978,105.573,6
1774963415918,1.77496e+09,10,33441103,0,1506559392,0,0,1,590.375,6.68763,6
1774963415918,1.77496e+09,10,33689091,247988,1506559392,0,16777216,1,12.3693,319.195,6
1774963415918,1.77496e+09,11,33811645,122554,1557357413,0,0,1,30.4245,129.771,6
1774963415918,1.77496e+09,11,33811645,0,1557357413,0,0,1,570.25,6.92365,6
1774963415918,1.77496e+09,12,34059735,248090,1607309129,0,13421772,2,10.172,388.144,6
1774963415918,1.77496e+09,11,34071710,11975,1640157686,0,0,2,208.942,18.8962,6
1774963415918,1.77496e+09,11,34071710,0,1640157686,0,0,1,445.045,8.87149,6
1774963415918,1.77496e+09,11,34071710,0,1640157686,0,0,1,572.119,6.90103,6
1774963415918,1.77496e+09,11,34071710,0,1640157686,0,0,1,555.9,7.10238,6
1774963415918,1.77496e+09,9,34299979,228269,1672655799,0,0,1,16.6526,237.093,6
1774963415918,1.77496e+09,9,34299979,0,1672655799,0,0,1,599.991,6.58046,6
1774963415918,1.77496e+09,10,34330129,30150,1720788775,0,0,1,101.766,38.797,6
1774963415918,1.77496e+09,10,34330129,0,1720788775,0,0,1,601.661,6.56219,6
1774963415918,1.77496e+09,10,34330129,0,1720788775,0,0,1,12.4836,316.271,6
1774963415918,1.77496e+09,11,34334496,4367,1752476891,0,0,1,38.3894,102.846,6
1774963415918,1.77496e+09,11,34334496,0,1752476891,0,0,1,607.919,6.49464,6
1774963415918,1.77496e+09,10,34583007,248511,1799429628,0,0,2,15.4595,255.39,6
1774963415918,1.77496e+09,10,34583007,0,1799429628,0,0,2,578.086,6.8298,6
1774963415918,1.77496e+09,10,34583007,0,1799429628,0,0,2,585.419,6.74424,6
1774963415918,1.77496e+09,11,34583007,0,1830361822,0,0,2,609.584,6.4769,6
1774963415918,1.77496e+09,11,34583007,0,1830361822,0,0,2,608.56,6.48779,6
1774963415918,1.77496e+09,9,34590635,7628,1861000054,0,0,2,14.3238,275.64,6
1774963415918,1.77496e+09,9,34590635,0,1861000054,0,0,2,559.603,7.05538,6
1774963415918,1.77496e+09,10,34621665,31030,1906449452,0,0,2,103.804,38.0352,6
1774963415918,1.77496e+09,10,34621665,0,1906449452,0,0,2,560.727,7.04124,6
1774963415918,1.77496e+09,10,34621665,0,1906449452,0,0,2,564.213,6.99774,6
1774963415918,1.77496e+09,10,34870024,248359,1906449452,0,16777216,2,15.4308,255.865,6
1774963415918,1.77496e+09,11,35425289,555265,1687347913,0,0,1,7.01844,562.548,6
1774963415918,1.77496e+09,9,35669948,244659,1751066164,0,0,3,15.5778,253.452,6
1774963415918,1.77496e+09,9,35669948,0,1751066164,0,0,2,468.614,8.4253,6
1774963415918,1.77496e+09,10,35669948,0,1782458436,0,0,2,433.411,9.10963,6
1774963415918,1.77496e+09,10,35669948,0,1782458436,0,0,2,465.362,8.48418,6
1774963415918,1.77496e+09,10,35669948,0,1782458436,0,0,2,465.894,8.47449,6
1774963415918,1.77496e+09,11,35669948,0,1813550347,0,0,2,466.046,8.47172,6
1774963415918,1.77496e+09,11,35669948,0,1813550347,0,0,2,456.612,8.64675,6
1774963415918,1.77496e+09,11,35669948,0,1813550347,0,0,2,500.953,7.8814,6
1774963415918,1.77496e+09,11,35918075,248127,1813550347,0,16777216,2,15.4383,255.742,6
1774963415918,1.77496e+09,9,36425624,507549,1587777442,0,0,1,7.64577,516.391,6
1774963415918,1.77496e+09,10,36505649,80025,1653545393,0,0,1,44.964,87.8083,6
1774963415918,1.77496e+09,10,36505649,0,1653545393,0,0,1,473.08,8.34576,6
1774963415918,1.77496e+09,10,36505649,0,1653545393,0,0,1,584.669,6.75289,6
1774963415918,1.77496e+09,10,36505649,0,1653545393,0,0,1,594.634,6.63974,6
1774963415918,1.77496e+09,10,36753917,248268,1653545393,0,16777216,1,15.4379,255.748,6
1774963415918,1.77496e+09,10,36859202,105285,1685910239,0,0,2,34.73,113.683,6
1774963415918,1.77496e+09,11,37107893,248691,1749660351,0,0,2,11.511,342.993,6
1774963415918,1.77496e+09,8,37107893,0,1749652495,0,0,2,567.58,6.95622,6
1774963415918,1.77496e+09,8,37107893,0,1749652495,0,0,2,583.862,6.76224,6
1774963415918,1.77496e+09,9,37107893,0,1781058442,0,0,2,584.658,6.75303,6
1774963415918,1.77496e+09,9,37107893,0,1781058442,0,0,2,594.215,6.64442,6
1774963415918,1.77496e+09,9,37107893,0,1781058442,0,0,2,12.5499,314.601,6
1774963415918,1.77496e+09,10,37112252,4359,1552848816,0,0,1,38.3742,102.887,6
1774963415918,1.77496e+09,10,37112252,0,1552848816,0,0,1,566.963,6.96379,6
1774963415918,1.77496e+09,10,37360857,248605,1552848816,0,16777216,1,12.686,311.225,6
1774963415918,1.77496e+09,11,37484138,123281,1602874507,0,0,1,30.2702,130.432,6
1774963415918,1.77496e+09,11,37484138,0,1602874507,0,0,1,551.981,7.15281,6
1774963415918,1.77496e+09,12,37732466,248328,1652091551,0,13421772,2,9.90698,398.528,6
1774963415918,1.77496e+09,11,37934580,202114,1684472774,0,0,3,11.89,332.063,6
1774963415918,1.77496e+09,7,37934580,0,220666207,0,0,1,590.306,6.68841,6
1774963415918,1.77496e+09,7,37934580,0,220666207,0,0,1,596.829,6.61531,6
1774963415918,1.77496e+09,7,37934580,0,256252522,0,0,1,590.702,6.68394,6
1774963415918,1.77496e+09,7,37934580,0,256252522,0,0,1,600.631,6.57344,6
1774963415918,1.77496e+09,7,37934580,0,256252522,0,0,1,569.403,6.93394,6
1774963415918,1.77496e+09,8,37934580,0,1748246258,0,0,2,476.262,8.28999,6
1774963415918,1.77496e+09,8,37934580,0,1748246258,0,0,2,466.836,8.45738,6
1774963415918,1.77496e+09,9,37934580,0,1779665828,0,0,2,595.493,6.63015,6
1774963415918,1.77496e+09,9,37934580,0,1779665828,0,0,2,598.999,6.59135,6
1774963415918,1.77496e+09,9,38280839,346259,1779665828,0,12025906,2,7.05357,559.746,6
1774963415918,1.77496e+09,8,38280839,0,1551345264,0,0,2,574.838,6.86839,6
1774963415918,1.77496e+09,9,38327701,46862,1601395679,0,0,2,73.3336,53.8391,6
1774963415918,1.77496e+09,9,38327701,0,1601395679,0,0,2,578.069,6.83,6
1774963415918,1.77496e+09,9,38327701,0,1601395679,0,0,2,585.401,6.74446,6
1774963415918,1.77496e+09,8,38327701,0,1634306422,0,0,2,534.178,7.39119,6
1774963415918,1.77496e+09,8,38327701,0,1634306422,0,0,2,599.231,6.5888,6
1774963415918,1.77496e+09,9,38391767,64066,1443240179,0,0,2,11.1657,353.601,6
1774963415918,1.77496e+09,9,38391767,0,1443240179,0,0,1,591.139,6.67899,6
1774963415918,1.77496e+09,10,38639653,247886,1495133101,0,0,2,9.54064,413.831,6
1774963415918,1.77496e+09,8,38639653,0,1495128326,0,0,1,464.224,8.50497,6
1774963415918,1.77496e+09,8,38639653,0,1495128326,0,0,1,463.096,8.52569,6
1774963415918,1.77496e+09,9,38639653,0,1529221415,0,0,1,451.299,8.74854,6
1774963415918,1.77496e+09,9,38639653,0,1529221415,0,0,1,530.31,7.4451,6
1774963415918,1.77496e+09,10,38639653,0,1562927681,0,0,1,587.078,6.72519,6
1774963415918,1.77496e+09,10,38639653,0,1562927681,0,0,1,590.893,6.68178,6
1774963415918,1.77496e+09,11,38887544,247891,1596259941,0,0,1,8.84997,446.127,6
1774963415918,1.77496e+09,11,38887544,0,1596259941,0,0,1,595.568,6.62932,6
1774963415918,1.77496e+09,13,39135722,248178,1678032112,0,10737417,2,15.4748,255.138,6
1774963415918,1.77496e+09,13,39597496,461774,1678032112,0,8589933,2,8.42214,468.79,6
1774963415918,1.77496e+09,9,39866417,268921,1710136115,0,0,2,14.2914,276.265,6
1774963415918,1.77496e+09,9,39866417,0,1710136115,0,0,1,584.383,6.75621,6
1774963415918,1.77496e+09,9,39866417,0,1710136115,0,0,1,458.603,8.60922,6
1774963415918,1.77496e+09,10,39866417,0,1741929770,0,0,1,596.766,6.61601,6
1774963415918,1.77496e+09,10,39866417,0,1741929770,0,0,1,468.002,8.43631,6
1774963415918,1.77496e+09,11,39866417,0,1773410671,0,0,1,533.802,7.3964,6
1774963415918,1.77496e+09,11,39866417,0,1773410671,0,0,1,456.441,8.64999,6
1774963415918,1.77496e+09,11,39866417,0,1773410671,0,0,1,582.724,6.77544,6
1774963415918,1.77496e+09,11,39866417,0,1773410671,0,0,1,549.776,7.18149,6
1774963415918,1.77496e+09,12,40298829,432412,1804588487,0,7696579,1,8.98902,439.226,6
1774963415918,1.77496e+09,13,40953704,654875,1850805850,0,4925810,2,5.96591,661.795,6
1774963415918,1.77496e+09,8,41133076,179372,1881262227,0,0,3,21.1118,187.015,6
1774963415918,1.77496e+09,8,41133076,0,1881262227,0,0,2,464.505,8.49983,6
1774963415918,1.77496e+09,8,41133076,0,1881262227,0,0,2,463.493,8.51839,6
1774963415918,1.77496e+09,9,41133076,0,1911449926,0,0,2,602.552,6.55248,6
1774963415918,1.77496e+09,9,41133076,0,1911449926,0,0,2,600.121,6.57902,6
1774963415918,1.77496e+09,10,41133076,0,1941373449,0,0,2,515.903,7.65301,6
1774963415918,1.77496e+09,10,41133076,0,1941373449,0,0,2,573.535,6.88399,6
1774963415918,1.77496e+09,10,41133076,0,1941373449,0,0,2,587.214,6.72363,6
1774963415918,1.77496e+09,10,41133076,0,1941373449,0,0,2,520.052,7.59196,6
1774963415918,1.77496e+09,10,41886845,753769,1941373449,0,5516907,2,5.18678,761.206,6
1774963415918,1.77496e+09,9,42345797,458952,1724714901,0,0,1,8.47488,465.872,6
1774963415918,1.77496e+09,10,42429827,84030,1787702845,0,0,1,42.9244,91.9806,6
1774963415918,1.77496e+09,10,42429827,0,1787702845,0,0,1,450.94,8.75551,6
1774963415918,1.77496e+09,10,42429827,0,1787702845,0,0,1,587.646,6.71869,6
1774963415918,1.77496e+09,10,42429827,0,1787702845,0,0,1,596.969,6.61376,6
1774963415918,1.77496e+09,10,42805050,375223,1818742967,0,0,2,10.2579,384.896,6
1774963415918,1.77496e+09,10,42805050,0,1818742967,0,0,2,580.089,6.80621,6
1774963415918,1.77496e+09,11,42835137,30087,1864764834,0,0,2,101.897,38.7472,6
1774963415918,1.77496e+09,11,42835137,0,1864764834,0,0,2,591.639,6.67335,6
1774963415918,1.77496e+09,11,42835137,0,1864764834,0,0,2,583.688,6.76424,6
1774963415918,1.77496e+09,11,43109900,274763,1864764834,0,15138390,2,10.6755,369.839,6
1774963415918,1.77496e+09,9,43395317,285417,1642779822,0,0,1,13.4784,292.929,6
1774963415918,1.77496e+09,10,43477471,82154,1707400615,0,0,1,44.0925,89.5438,6
1774963415918,1.77496e+09,10,43477471,0,1707400615,0,0,1,464.321,8.50319,6
1774963415918,1.77496e+09,10,43477471,0,1707400615,0,0,1,602.44,6.5537,6
1774963415918,1.77496e+09,10,43477471,0,1707400615,0,0,1,591.992,6.66937,6
1774963415918,1.77496e+09,10,43725695,248224,1707400615,0,16777216,1,15.4518,255.518,6
1774963415918,1.77496e+09,11,43836478,110783,1739221495,0,0,1,33.0636,119.412,6
1774963415918,1.77496e+09,12,44084986,248508,1801929589,0,13421772,2,15.4636,255.323,6
1774963415918,1.77496e+09,12,44451016,366030,1801929589,0,10737417,2,8.89481,443.878,6
1774963415918,1.77496e+09,10,44543073,92057,1832830752,0,0,1,39.8866,98.9858,6
1774963415918,1.77496e+09,10,44543073,0,1832830752,0,0,1,468.571,8.42608,6
1774963415918,1.77496e+09,10,44543073,0,1832830752,0,0,1,481.132,8.20609,6
1774963415918,1.77496e+09,11,44543073,0,1863453986,0,0,1,467.705,8.44167,6
1774963415918,1.77496e+09,11,44543073,0,1863453986,0,0,1,581.5,6.7897,6
1774963415918,1.77496e+09,12,44975468,432395,1893800136,0,9620724,1,8.98728,439.311,6
1774963415918,1.77496e+09,11,44992958,17490,1923876692,0,0,2,161.402,24.462,6
1774963415918,1.77496e+09,11,44992958,0,1923876692,0,0,2,577.894,6.83207,6
1774963415918,1.77496e+09,11,44992958,0,1923876692,0,0,2,585.231,6.74642,6
1774963415918,1.77496e+09,11,44992958,0,1923876692,0,0,2,585.274,6.74592,6
1774963415918,1.77496e+09,9,45051664,58706,1953685678,0,0,2,58.5086,67.4809,6
1774963415918,1.77496e+09,9,45051664,0,1953685678,0,0,2,582.293,6.78046,6
1774963415918,1.77496e+09,10,45086409,34745,1997936414,0,0,2,92.8176,42.5373,6
1774963415918,1.77496e+09,10,45086409,0,1997936414,0,0,2,547.239,7.21479,6
1774963415918,1.77496e+09,10,45086409,0,1997936414,0,0,2,566.088,6.97456,6
1774963415918,1.77496e+09,10,45394323,307914,1997936414,0,13516421,2,12.5266,315.187,6
1774963415918,1.77496e+09,11,45888510,494187,1785026051,0,0,1,7.87695,501.236,6
1774963415918,1.77496e+09,12,46196511,308001,1846868303,0,10813136,1,12.536,314.951,6
1774963415918,1.77496e+09,13,46656717,460206,1877363797,0,6920406,2,8.45071,467.205,6
1774963415918,1.77496e+09,7,47102470,445753,174580198,0,0,1,8.70449,453.584,6
1774963415918,1.77496e+09,7,47102470,0,174580198,0,0,1,459.457,8.59321,6
1774963415918,1.77496e+09,7,47102470,0,211171819,0,0,1,414.071,9.5351,6
